ProductName,NumOfProducts
Raclette Courdavault,54
Camembert Pierrot,51
Gorgonzola Telino,51
GuaranÃ¡ FantÃ¡stica,51
Gnocchi di nonna Alice,50
Tarte au sucre,48
Jack's New England Clam Chowder,47
RhÃ¶nbrÃ¤u Klosterbier,46
Chang,44
Pavlova,43
Flotemysost,42
Boston Crab Meat,41
Konbu,40
LakkalikÃ¶Ã¶ri,39
Outback Lager,39
Manjimup Dried Apples,39
Sir Rodney's Scones,39
Chai,38
Mozzarella di Giovanni,38
Queso Cabrales,38
Original Frankfurter grÃ¼ne SoÃŸe,38
Alice Mutton,37
Teatime Chocolate Biscuits,37
Steeleye Stout,36
TourtiÃ¨re,36
Scottish Longbreads,34
PÃ¢tÃ© chinois,33
RÃ¶ssle Sauerkraut,33
Ikura,33
Louisiana Fiery Hot Pepper Sauce,32
Nord-Ost Matjeshering,32
ThÃ¼ringer Rostbratwurst,32
GumbÃ¤r GummibÃ¤rchen,32
Geitost,32
Inlagd Sill,31
Gudbrandsdalsost,31
Wimmers gute SemmelknÃ¶del,30
Perth Pasties,30
Chartreuse verte,30
Singaporean Hokkien Fried Mee,30
Uncle Bob's Organic Dried Pears,29
Filo Mix,29
Ipoh Coffee,28
Spegesild,27
Carnarvon Tigers,27
Sirop d'Ã©rable,24
CÃ´te de Blaye,24
Gula Malacca,24
Ravioli Angelo,23
Tofu,22
Maxilaku,21
Zaanse koeken,21
TunnbrÃ¶d,20
Chef Anton's Cajun Seasoning,20
Sasquatch Ale,19
NuNuCa NuÃŸ-Nougat-Creme,18
Escargots de Bourgogne,18
Vegie-spread,17
Sir Rodney's Marmalade,16
Mascarpone Fabioli,15
Gustaf's KnÃ¤ckebrÃ¶d,14
Queso Manchego La Pastora,14
Rogede sild,14
RÃ¶d Kaviar,14
Northwoods Cranberry Sauce,13
Longlife Tofu,13
Aniseed Syrup,12
Grandma's Boysenberry Spread,12
Chef Anton's Gumbo Mix,10
Valkoinen suklaa,10
Laughing Lumberjack Lager,10
Schoggi Schokolade,9
Louisiana Hot Spiced Okra,8
Genen Shouyu,6
Gravad lax,6
Chocolade,6
Mishi Kobe Niku,5
